caseid,age,female,eduhsorless,edusc,edubaormore,skillsmean,rural
1,22,1,0,1,0,4.666667,0
2,26,0,0,0,1,3,1
3,44,1,1,0,0,2.166667,1
4,65,0,0,1,0,3.166667,0
5,59,1,0,0,1,1.666667,1
